{"licenses": [{"name": "", "id": 0, "url": ""}], "info": {"contributor": "", "date_created": "", "description": "", "url": "", "version": "", "year": ""}, "categories": [{"id": 1, "name": "cat", "supercategory": ""}], "images": [{"id": 1, "width": 546, "height": 404, "file_name": "cat.jpeg", "license": 0, "flickr_url": "", "coco_url": "", "date_captured": 0}], "annotations": [{"id": 1, "image_id": 1, "category_id": 1, "segmentation": [], "area": 85142.31550000001, "bbox": [204.14, 7.85, 217.85, 390.83], "iscrowd": 0, "attributes": {"occluded": false, "rotation": 0.0}}]}