<?xml version="1.0" encoding="utf-8"?>
<annotations>
  <version>1.1</version>
  <meta>
    <task>
      <id>228575</id>
      <name>cat</name>
      <size>1</size>
      <mode>annotation</mode>
      <overlap>0</overlap>
      <bugtracker></bugtracker>
      <created>2022-03-29 06:12:14.666648+01:00</created>
      <updated>2022-03-29 06:21:29.580611+01:00</updated>
      <subset>default</subset>
      <start_frame>0</start_frame>
      <stop_frame>0</stop_frame>
      <frame_filter></frame_filter>
      <segments>
        <segment>
          <id>322385</id>
          <start>0</start>
          <stop>0</stop>
          <url>http://cvat.org/?id=322385</url>
        </segment>
      </segments>
      <owner>
        <username>hyunah</username>
        <email>hyunah@mz.co.kr</email>
      </owner>
      <assignee></assignee>
      <labels>
        <label>
          <name>cat</name>
          <color>#6080c0</color>
          <attributes>
          </attributes>
        </label>
      </labels>
    </task>
    <dumped>2022-03-29 06:22:06.246243+01:00</dumped>
  </meta>
  <image id="0" name="cat.jpeg" width="546" height="404">
    <box label="cat" occluded="0" source="manual" xtl="204.14" ytl="7.85" xbr="421.99" ybr="398.68" z_order="0">
    </box>
  </image>
</annotations>
